{"distance":0.26031483683020307,"_timestamp":1.7333248612836647e+09,"_runtime":5.329315999,"_step":1,"current_u_id":0,"_wandb":{"runtime":5}}