{"_runtime":68.737556238,"_step":824,"_wandb":{"runtime":68},"distance":0.4895265484896218,"_timestamp":1.7333144816595774e+09}