{"distance":0.48686202487914376,"_wandb":{"runtime":32},"_timestamp":1.7327076369433467e+09,"_runtime":32.857172225,"_step":999}