{"distance":0.18341947292045274,"_timestamp":1.733324193046822e+09,"_runtime":25.05425947,"_step":1,"current_u_id":0,"_wandb":{"runtime":255}}