{"rollout/return_std":0,"rollout/actions_std":0.9530673623085022,"_timestamp":1.732698359592359e+09,"train/param_noise_distance_mean":0.2247559130191803,"_wandb":{"runtime":482},"rollout/actions_mean":0.06769265234470367,"rollout/Q_mean":0.6307801604270935,"total/steps_per_second":101.51883423463855,"rollout/episodes":46,"total/steps":46000,"train/loss_critic_mean":8.462761798000429e-07,"total/duration":453.1178903579712,"_runtime":482.191195265,"train/loss_actor_mean":-0.6560966372489929,"rollout/return_mean":0,"rollout/return_history_mean":0,"_step":47878,"total/episodes":46,"rollout/episode_steps_mean":1000,"current_u_id":0,"rollout/return_history_std":0}