{"_step":2,"distance":0.2523399157782676,"_timestamp":1.7333248129254737e+09,"current_u_id":0,"_wandb":{"runtime":5},"_runtime":5.186363981}