{"distance":0.19033688447625818,"_timestamp":1.7333266987010098e+09,"_runtime":717.199586547,"_step":60207,"current_u_id":0,"_wandb":{"runtime":718}}