{"_timestamp":1.7333236892431827e+09,"_runtime":5.724554091,"_step":1,"distance":0.18938275598368798,"current_u_id":0,"_wandb":{"runtime":5}}