{"_wandb":{"runtime":6},"distance":0.4226647206058174,"_timestamp":1.7333145171451023e+09,"_runtime":6.779950796,"_step":57}