{"_timestamp":1.7333268073998985e+09,"_runtime":72.996532534,"current_u_id":0,"_wandb":{"runtime":73},"_step":6019,"distance":0.4084688259334119}