{"total/duration":17.849186897277832,"_wandb":{"runtime":37},"rollout/episodes":2,"_step":0,"total/episodes":2,"train/loss_actor_mean":-0.0031973908189684153,"rollout/Q_mean":0.00472567742690444,"total/steps":2000,"rollout/actions_std":0.7352522611618042,"rollout/return_std":0,"total/steps_per_second":112.04992202221932,"rollout/return_mean":0,"rollout/return_history_mean":0,"rollout/actions_mean":-0.5447511076927185,"rollout/return_history_std":0,"rollout/episode_steps_mean":1000,"_timestamp":1.732702051057422e+09,"_runtime":20.139553943,"train/param_noise_distance_mean":0.8727176189422607,"train/loss_critic_mean":9.274364742850594e-08}