{"_timestamp":1.7333143543553476e+09,"_runtime":15.058202701,"_step":186,"_wandb":{"runtime":15},"distance":1.1051428975786324}