{"_runtime":10.086030018,"_step":0,"_wandb":{"runtime":23},"distance":0.2306011823296295,"_timestamp":1.7327082609548635e+09}