{"_timestamp":1.7330519216267407e+09,"_runtime":9.036855568,"_step":36,"_wandb":{"runtime":9},"distance":0.2895133874007391}