{"_wandb":{"runtime":23},"_timestamp":1.7333148442534106e+09,"_runtime":23.70778999,"_step":259,"distance":0.5776928872591665}