{"_wandb":{"runtime":1279},"gradients/actor.mu.4.weight":{"bins":[-0.0003167280228808522,-0.0003039063303731382,-0.00029108463786542416,-0.0002782629453577101,-0.0002654412528499961,-0.00025261956034228206,-0.00023979788238648325,-0.00022697620443068445,-0.00021415451192297041,-0.00020133281941525638,-0.00018851112690754235,-0.00017568943439982831,-0.0001628677564440295,-0.00015004606393631548,-0.00013722437142860144,-0.00012440269347280264,-0.00011158098641317338,-9.875929390545934e-05,-8.593760867370293e-05,-7.311591616598889e-05,-6.0294227296253666e-05,-4.747253842651844e-05,-3.465084591880441e-05,-2.1829160687047988e-05,-9.007468179333955e-06,3.8142215998959728e-06,1.66359113791259e-05,2.945760206785053e-05,4.2279290937585756e-05,5.510097980732098e-05,6.792267231503502e-05,8.074435754679143e-05,9.356605005450547e-05,0.0001063877425622195,0.00011920942779397592,0.00013203112757764757,0.00014485280553344637,0.0001576744980411604,0.00017049619054887444,0.00018331786850467324,0.00019613956101238728,0.0002089612535201013,0.00022178294602781534,0.00023460463853552938,0.0002474263310432434,0.00026024802355095744,0.0002730697160586715,0.00028589137946255505,0.00029871310107409954,0.0003115347935818136,0.0003243564860895276,0.00033717817859724164,0.0003499998711049557,0.0003628215636126697,0.00037564325612038374,0.0003884649195242673,0.00040128661203198135,0.0004141083045396954,0.0004269299970474094,0.00043975168955512345,0.0004525733820628375,0.00046539504546672106,0.0004782167379744351,0.0004910384304821491,0.0005038601229898632],"_type":"histogram","values":[2,1,0,1,5,0,2,12,12,7,14,21,27,34,46,40,50,74,64,93,93,118,149,172,322,203,134,92,75,59,44,26,22,15,19,10,9,8,4,4,1,3,3,2,1,0,0,2,0,2,0,1,0,0,0,0,0,1,0,0,0,0,0,1]},"gradients/critic.qf0.2.weight":{"_type":"histogram","values":[1,0,1,1,2,3,5,7,16,9,24,33,44,34,67,66,105,108,161,213,249,329,444,619,948,1186,1727,2618,8036,93930,3078,1478,1103,797,570,480,346,249,195,133,126,79,59,69,58,35,31,19,18,24,13,15,7,5,11,7,3,1,2,1,0,0,1,1],"bins":[-0.008771592751145363,-0.008470811881124973,-0.008170030079782009,-0.00786924920976162,-0.007568467874079943,-0.007267686538398266,-0.006966905668377876,-0.006666124332696199,-0.0063653429970145226,-0.006064561661332846,-0.005763780325651169,-0.005462999455630779,-0.005162218119949102,-0.0048614367842674255,-0.004560655914247036,-0.004259874578565359,-0.003959093242883682,-0.0036583119072020054,-0.003357530804350972,-0.003056749701499939,-0.002755968365818262,-0.0024551870301365852,-0.002154405927285552,-0.0018536248244345188,-0.001552843488752842,-0.001252062269486487,-0.0009512810502201319,-0.0006504998309537768,-0.0003497186116874218,-4.893739242106676e-05,0.0002518438268452883,0.0005526249296963215,0.0008534053340554237,0.0011541865533217788,0.0014549677725881338,0.0017557489918544888,0.002056530211120844,0.0023573115468025208,0.002658092649653554,0.002958873752504587,0.003259655088186264,0.003560436423867941,0.003861217526718974,0.004161998629570007,0.004462779965251684,0.004763561300933361,0.005064342170953751,0.0053651235066354275,0.005665904842317104,0.005966686177998781,0.006267467513680458,0.006568248383700848,0.0068690297193825245,0.007169811055064201,0.007470591925084591,0.007771373260766268,0.008072154596447945,0.008372935466468334,0.008673717267811298,0.008974498137831688,0.009275279939174652,0.009576060809195042,0.009876841679215431,0.010177623480558395,0.010478404350578785]},"rollout/ep_rew_mean":0,"rollout/ep_len_mean":1000,"train/learning_rate":0.0001,"gradients/critic.qf0.0.weight":{"_type":"histogram","values":[1,1,1,1,1,1,0,4,0,0,0,6,5,1,7,8,17,16,24,44,60,60,107,133,193,225,337,451,580,755,960,1313,3447,998,776,580,436,348,240,197,125,88,54,48,46,27,23,15,10,5,4,7,5,0,0,0,2,0,3,0,0,0,1,3],"bins":[-0.0014923207927495241,-0.001445735921151936,-0.0013991511659696698,-0.0013525662943720818,-0.0013059815391898155,-0.0012593966675922275,-0.0012128117959946394,-0.0011662270408123732,-0.001119642169214785,-0.001073057297617197,-0.0010264725424349308,-0.0009798876708373427,-0.0009333028574474156,-0.0008867180440574884,-0.0008401331724599004,-0.0007935483590699732,-0.0007469635456800461,-0.0007003787322901189,-0.0006537939189001918,-0.0006072090473026037,-0.0005606242339126766,-0.0005140394205227494,-0.0004674545780289918,-0.0004208697355352342,-0.00037428492214530706,-0.0003277001087553799,-0.0002811152662616223,-0.00023453043831977993,-0.00018794561037793756,-0.00014136078243609518,-9.47759544942528e-05,-4.8191112000495195e-05,-1.6062986105680466e-06,4.497852933127433e-05,9.156335727311671e-05,0.00013814818521495908,0.00018473301315680146,0.00023131784109864384,0.0002779026690404862,0.0003244875115342438,0.00037107232492417097,0.0004176571383140981,0.0004642419808078557,0.0005108268233016133,0.0005574116366915405,0.0006039964500814676,0.0006505813216790557,0.0006971661350689828,0.00074375094845891,0.0007903357618488371,0.0008369205752387643,0.0008835054468363523,0.0009300902602262795,0.0009766750736162066,0.0010232599452137947,0.001069844700396061,0.001116429571993649,0.001163014443591237,0.0012095991987735033,0.0012561840703710914,0.0013027689419686794,0.0013493536971509457,0.0013959385687485337,0.0014425234403461218,0.001489108195528388]},"gradients/critic.qf0.2.bias":{"values":[1,0,0,0,0,1,1,0,0,0,1,0,0,0,0,1,3,1,1,1,4,0,2,4,0,1,6,9,186,43,11,5,2,1,1,1,1,2,1,1,1,0,0,3,0,1,0,1,0,0,0,1,0,0,0,0,0,0,0,0,0,0,0,1],"bins":[-0.026043249294161797,-0.025141606107354164,-0.02423996292054653,-0.0233383197337389,-0.022436678409576416,-0.021535035222768784,-0.02063339203596115,-0.01973174884915352,-0.018830105662345886,-0.017928462475538254,-0.01702681928873062,-0.01612517610192299,-0.015223533846437931,-0.014321890659630299,-0.01342024840414524,-0.012518605217337608,-0.011616962030529976,-0.010715318843722343,-0.009813675656914711,-0.008912033401429653,-0.00801039021462202,-0.007108747027814388,-0.006207104306668043,-0.005305461585521698,-0.0044038183987140656,-0.0035021754447370768,-0.002600532490760088,-0.0016988895367830992,-0.0007972465828061104,0.00010439660400152206,0.0010060393251478672,0.0019076820462942123,0.0028093233704566956,0.0037109663244336843,0.004612609278410673,0.005514251999557018,0.006415895186364651,0.007317538373172283,0.008219180628657341,0.009120823815464973,0.010022467002272606,0.010924110189080238,0.01182575337588787,0.012727395631372929,0.013629038818180561,0.014530682004988194,0.015432324260473251,0.016333967447280884,0.017235610634088516,0.01813725382089615,0.01903889700770378,0.019940540194511414,0.020842183381319046,0.02174382656812668,0.02264546789228916,0.023547111079096794,0.024448754265904427,0.02535039745271206,0.02625204063951969,0.027153683826327324,0.028055325150489807,0.02895696833729744,0.029858611524105072,0.030760254710912704,0.03166189789772034],"_type":"histogram"},"train/actor_loss":-0.020696241,"gradients/critic.qf0.4.weight":{"values":[1,0,0,0,0,0,0,0,0,0,0,0,0,0,0,0,0,0,0,0,1,0,0,1,1,0,1,0,1,0,1,1,1,2,1,0,1,0,1,2,1,2,0,1,1,2,3,0,2,1,4,3,4,1,2,2,2,4,3,6,11,11,24,194],