{"distance":0.25805953772723217,"_timestamp":1.7333089496570184e+09,"_runtime":46.598591317,"_step":300,"_wandb":{"runtime":46}}