{"_timestamp":1.7333256693148115e+09,"current_u_id":0,"_wandb":{"runtime":343},"_runtime":342.660576756,"_step":60201,"distance":0.19666894715049887}