{"total/duration":56.20248341560364,"_step":1,"_wandb":{"runtime":86},"train/loss_actor_mean":-6.266207492444664e-05,"total/steps_per_second":71.17123224646457,"train/loss_critic_mean":9.254750299447778e-10,"total/episodes":4,"rollout/actions_std":0.8669631481170654,"rollout/return_history_std":0,"rollout/actions_mean":-0.20686408877372742,"rollout/episodes":4,"_runtime":74.139639521,"total/steps":4000,"rollout/return_std":0,"train/param_noise_distance_mean":0.42391106486320496,"_timestamp":1.7327034272165387e+09,"rollout/return_mean":0,"rollout/return_history_mean":0,"rollout/Q_mean":-2.013027733482886e-05,"rollout/episode_steps_mean":1000}