{"gradients/critic.qf0.4.weight":{"_type":"histogram","values":[1,0,0,0,0,0,0,1,0,1,0,0,0,0,0,0,0,0,0,0,0,0,0,0,0,0,0,0,0,0,0,1,0,0,0,1,0,0,0,0,0,0,1,0,0,0,0,0,0,0,0,0,0,1,0,1,0,0,0,2,3,3,8,276],"bins":[-0.12874430418014526,-0.12673267722129822,-0.12472104281187057,-0.12270941585302353,-0.12069778144359589,-0.11868615448474884,-0.1166745275259018,-0.11466289311647415,-0.1126512661576271,-0.11063963919878006,-0.10862800478935242,-0.10661637783050537,-0.10460475087165833,-0.10259311646223068,-0.10058148950338364,-0.098569855093956,-0.09655822813510895,-0.0945466011762619,-0.09253496676683426,-0.09052333980798721,-0.08851170539855957,-0.08650007843971252,-0.08448845148086548,-0.08247681707143784,-0.08046519011259079,-0.07845356315374374,-0.0764419287443161,-0.07443030178546906,-0.07241867482662201,-0.07040704041719437,-0.06839541345834732,-0.06638377904891968,-0.06437215209007263,-0.06236052140593529,-0.06034889072179794,-0.0583372637629509,-0.05632563307881355,-0.05431400239467621,-0.05230237543582916,-0.05029074475169182,-0.048279114067554474,-0.04626748338341713,-0.044255852699279785,-0.04224422574043274,-0.040232595056295395,-0.03822096437215805,-0.036209337413311005,-0.03419770672917366,-0.032186076045036316,-0.03017444536089897,-0.028162816539406776,-0.02615118771791458,-0.024139557033777237,-0.022127926349639893,-0.020116297528147697,-0.018104668706655502,-0.016093038022518158,-0.014081408269703388,-0.012069778516888618,-0.010058148764073849,-0.008046519011259079,-0.006034889258444309,-0.0040232595056295395,-0.0020116297528147697,0]},"gradients/critic.qf0.2.bias":{"values":[1,0,0,0,1,0,0,0,1,2,1,0,0,0,2,0,0,0,2,0,1,2,4,7,16,249,5,2,1,0,0,0,0,0,0,0,0,0,0,0,0,0,0,1,0,0,0,1,0,0,0,0,0,0,0,0,0,0,0,0,0,0,0,1],"bins":[-0.000586186652071774,-0.0005627510836347938,-0.0005393154569901526,-0.0005158798303455114,-0.0004924442619085312,-0.0004690086643677205,-0.0004455730668269098,-0.0004221374692860991,-0.00039870187174528837,-0.00037526627420447767,-0.00035183067666366696,-0.00032839507912285626,-0.00030495948158204556,-0.00028152388404123485,-0.00025808828650042415,-0.00023465268895961344,-0.00021121709141880274,-0.00018778149387799203,-0.00016434589633718133,-0.00014091029879637063,-0.00011747470125555992,-9.403910371474922e-05,-7.060350617393851e-05,-4.716790863312781e-05,-2.3732311092317104e-05,-2.967135515064001e-07,2.3138883989304304e-05,4.657448153011501e-05,7.001007907092571e-05,9.344567661173642e-05,0.00011688127415254712,0.00014031687169335783,0.00016375241102650762,0.00018718800856731832,0.00021062360610812902,0.00023405920364893973,0.00025749480118975043,0.00028093039873056114,0.00030436599627137184,0.00032780159381218255,0.00035123719135299325,0.00037467278889380395,0.00039810838643461466,0.00042154398397542536,0.00044497958151623607,0.00046841517905704677,0.0004918507765978575,0.0005152863450348377,0.0005387219716794789,0.00056215759832412,0.0005855931667611003,0.0006090287351980805,0.0006324643618427217,0.0006558999884873629,0.0006793355569243431,0.0007027711253613234,0.0007262067520059645,0.0007496423786506057,0.0007730779470875859,0.0007965135155245662,0.0008199491421692073,0.0008433847688138485,0.0008668203372508287,0.000890255905687809,0.0009136915323324502],"_type":"histogram"},"_timestamp":1.7321151793204582e+09,"gradients/actor.mu.0.bias":{"_type":"histogram","values":[2,0,1,0,1,1,0,2,0,3,2,3,2,1,5,5,4,3,6,6,10,3,13,8,5,13,12,16,14,18,16,11,18,18,14,17,10,14,13,12,11,7,9,11,13,5,6,9,2,3,0,3,0,3,2,1,2,2,3,3,1,1,0,1],"bins":[-2.3031670934869908e-06,-2.2331068976200186e-06,-2.1630467017530464e-06,-2.0929862785123987e-06,-2.0229260826454265e-06,-1.9528658867784543e-06,-1.8828055772246444e-06,-1.8127452676708344e-06,-1.7426850718038622e-06,-1.67262487593689e-06,-1.60256456638308e-06,-1.5325042568292702e-06,-1.462444060962298e-06,-1.3923838650953257e-06,-1.3223235555415158e-06,-1.2522632459877059e-06,-1.1822030501207337e-06,-1.1121428542537615e-06,-1.0420825446999515e-06,-9.720222351461416e-07,-9.019620392791694e-07,-8.319017865687783e-07,-7.618415338583873e-07,-6.917812811479962e-07,-6.217210284376051e-07,-5.516607757272141e-07,-4.81600523016823e-07,-4.115402703064319e-07,-3.4148001759604085e-07,-2.714197648856498e-07,-2.0135951217525871e-07,-1.3129925946486765e-07,-6.123923412815202e-08,8.821018582239049e-09,7.888127129263012e-08,1.4894152400302119e-07,2.1900177671341226e-07,2.890620294238033e-07,3.591222821341944e-07,4.2918253484458546e-07,4.992427875549765e-07,5.693030402653676e-07,6.393632929757587e-07,7.094235456861497e-07,7.794837983965408e-07,8.495440511069319e-07,9.196043038173229e-07,9.896646133711329e-07,1.059724809238105e-06,1.1297850051050773e-06,1.1998453146588872e-06,1.2699056242126971e-06,1.3399658200796694e-06,1.4100260159466416e-06,1.4800863255004515e-06,1.5501466350542614e-06,1.6202068309212336e-06,1.6902670267882058e-06,1.7603273363420158e-06,1.8303876458958257e-06,1.900447841762798e-06,1.97050803762977e-06,2.0405682334967423e-06,2.11062865673739e-06,2.180688852604362e-06]},"gradients/actor.mu.2.bias":{"bins":[-1.2832226730097318e-06,-1.2419094446158851e-06,-1.2005961025352008e-06,-1.1592828741413541e-06,-1.1179695320606697e-06,-1.076656303666823e-06,-1.0353430752729764e-06,-9.94029733192292e-07,-9.527165047984454e-07,-9.114032195611799e-07,-8.700899343239143e-07,-8.287767059300677e-07,-7.874634206928022e-07,-7.461501354555367e-07,-7.0483690706169e-07,-6.635236218244245e-07,-6.22210336587159e-07,-5.808970513498934e-07,-5.395837661126279e-07,-4.982705377187813e-07,-4.5695725248151575e-07,-4.1564396724425023e-07,-3.7433071042869415e-07,-3.3301745361313806e-07,-2.9170416837587254e-07,-2.50390883138607e-07,-2.0907762632305094e-07,-1.6776435529664013e-07,-1.2645108427022933e-07,-8.513781324381853e-08,-4.3824542217407725e-08,-2.5112854018516373e-09,3.880199983541388e-08,8.011527086182468e-08,1.2142854188823549e-07,1.627418129146463e-07,2.040550839410571e-07,2.453683691783226e-07,2.866816259938787e-07,3.279948828094348e-07,3.693081680467003e-07,4.106214532839658e-07,4.519347100995219e-07,4.93247966915078e-07,5.345612521523435e-07,5.75874537389609e-07,6.171877657834557e-07,6.585010510207212e-07,6.998143362579867e-07,7.411276214952522e-07,7.824409067325178e-07,8.237541351263644e-07,8.650674203636299e-07,9.063807056008955e-07,9.476939339947421e-07,9.890072760754265e-07,1.0303205044692731e-06,1.0716337328631198e-06,1.1129470749438042e-06,1.1542603033376508e-06,1.1955735317314975e-06,1.2368868738121819e-06,1.2782001022060285e-06,1.3195133305998752e-06,1.3608266726805596e-06],"_type":"histogram","values":[1,0,0,1,2,0,0,1,1,3,1,3,3,3,2,2,3,5,2,4,4,9,7,4,7,10,11,13,14,19,13,30,16,11,10,13,7,9,8,6,5,2,5,3,7,3,3,1,5,1,1,2,0,2,0,0,0,0,0,0,0,0,1,1]},"_runtime":1153.343840451,