{"_timestamp":1.7333252737601466e+09,"_runtime":5.287431079,"_step":2,"current_u_id":0,"_wandb":{"runtime":5},"distance":0.1880804090124825}