{"_timestamp":1.7327078678245664e+09,"_wandb":{"runtime":14},"_runtime":14.308233782,"_step":999,"distance":0.9445324624568917}