{"_wandb":{"runtime":6},"_runtime":6.130534936,"_step":1,"distance":0.23190052673219838,"_timestamp":1.733323823653227e+09,"current_u_id":0}