{"_runtime":37.047653676,"_step":6019,"distance":0.3565620751270282,"_timestamp":1.7333303987622058e+09,"current_u_id":0,"_wandb":{"runtime":201}}