{"gradients/actor.mu.0.weight":{"_type":"histogram","values":[2,0,0,0,0,0,2,0,2,0,0,4,4,2,1,7,6,14,12,22,33,38,54,72,96,123,155,205,212,267,399,651,5705,423,344,235,228,182,127,104,81,53,37,29,19,17,10,5,4,5,1,2,3,0,0,1,0,1,0,0,0,0,0,1],"bins":[-9.670027066022158e-05,-9.368084283778444e-05,-9.06614150153473e-05,-8.764197991695255e-05,-8.462255209451541e-05,-8.160312427207828e-05,-7.858369644964114e-05,-7.5564268627204e-05,-7.254484080476686e-05,-6.952541298232973e-05,-6.650598515989259e-05,-6.348655733745545e-05,-6.046712587703951e-05,-5.744769441662356e-05,-5.4428266594186425e-05,-5.140883877174929e-05,-4.838940731133334e-05,-4.5369979488896206e-05,-4.235054802848026e-05,-3.9331120206043124e-05,-3.631169238360599e-05,-3.329226456116885e-05,-3.0272833100752905e-05,-2.7253405278315768e-05,-2.4233975636889227e-05,-2.1214545995462686e-05,-1.819511817302555e-05,-1.5175688531599008e-05,-1.2156259799667168e-05,-9.13683106773533e-06,-6.117401426308788e-06,-3.097973603871651e-06,-7.854396244511008e-08,2.9408849968604045e-06,5.960313956165919e-06,8.979743142845109e-06,1.1999171874776948e-05,1.5018600606708787e-05,1.8038030248135328e-05,2.1057458070572466e-05,2.4076887711999007e-05,2.7096317353425547e-05,3.0115745175862685e-05,3.313517663627863e-05,3.615460445871577e-05,3.9174032281152904e-05,4.219346010359004e-05,4.521288792602718e-05,4.823231938644312e-05,5.125174720888026e-05,5.4271178669296205e-05,5.729060649173334e-05,6.031003431417048e-05,6.332946213660762e-05,6.634888995904475e-05,6.93683250574395e-05,7.238775287987664e-05,7.540718070231378e-05,7.842660852475092e-05,8.144603634718806e-05,8.446547144558281e-05,8.748489926801994e-05,9.050432709045708e-05,9.352375491289422e-05,9.654318273533136e-05]},"gradients/critic.qf0.0.bias":{"bins":[-0.02982550486922264,-0.02906566858291626,-0.02830583229660988,-0.027545996010303497,-0.026786159723997116,-0.026026323437690735,-0.025266487151384354,-0.024506649002432823,-0.023746812716126442,-0.02298697642982006,-0.02222714014351368,-0.0214673038572073,-0.020707467570900917,-0.019947629421949387,-0.019187793135643005,-0.018427956849336624,-0.017668120563030243,-0.01690828427672386,-0.01614844799041748,-0.0153886117041111,-0.014628774486482143,-0.013868938200175762,-0.013109101913869381,-0.012349264696240425,-0.011589430272579193,-0.010829593986272812,-0.01006975769996643,-0.00930992141366005,-0.008550084196031094,-0.007790247909724712,-0.007030411623418331,-0.006270574871450663,-0.005510738119482994,-0.004750901833176613,-0.003991065081208944,-0.003231228794902563,-0.002471392275765538,-0.0017115557566285133,-0.0009517194703221321,-0.00019188271835446358,0.0005679535679519176,0.0013277900870889425,0.0020876266062259674,0.0028474628925323486,0.0036072994116693735,0.004367135930806398,0.00512697221711278,0.005886808969080448,0.006646645255386829,0.007406481541693211,0.008166317827999592,0.008926155045628548,0.009685991331934929,0.01044582761824131,0.011205663904547691,0.011965500190854073,0.012725336477160454,0.013485172763466835,0.014245009049773216,0.015004845336079597,0.01576468162238598,0.01652451977133751,0.01728435605764389,0.01804419234395027,0.018804028630256653],"_type":"histogram","values":[2,0,0,0,0,0,0,0,0,1,3,1,0,1,0,1,4,1,5,0,3,2,0,3,0,5,4,8,5,12,4,9,7,12,26,20,22,24,28,40,25,20,20,16,7,12,11,9,5,2,1,5,4,2,0,2,0,0,2,1,0,1,1,1]},"gradients/actor.mu.2.weight":{"_type":"histogram","values":[3,1,0,6,5,8,12,13,18,30,32,50,60,61,96,123,145,198,240,295,415,462,644,829,1037,1369,1685,2225,3071,4492,7518,13624,43710,12915,6288,3960,2954,2273,1795,1407,1126,932,751,659,533,411,355,275,200,180,139,110,84,41,37,37,15,18,9,10,2,3,2,2],"bins":[-3.3028281904989854e-05,-3.201521758455783e-05,-3.1002156902104616e-05,-2.9989092581672594e-05,-2.8976028261240572e-05,-2.7962965759797953e-05,-2.6949903258355334e-05,-2.5936838937923312e-05,-2.492377461749129e-05,-2.391071211604867e-05,-2.289764779561665e-05,-2.188458529417403e-05,-2.0871520973742008e-05,-1.985845847229939e-05,-1.884539597085677e-05,-1.783233165042475e-05,-1.681926914898213e-05,-1.580620664753951e-05,-1.4793142327107489e-05,-1.378007982566487e-05,-1.2767015505232848e-05,-1.175395300379023e-05,-1.0740889592852909e-05,-9.727826181915589e-06,-8.714762770978268e-06,-7.701699360040948e-06,-6.688635949103627e-06,-5.675572992913658e-06,-4.662509581976337e-06,-3.649446171039017e-06,-2.6363832148490474e-06,-1.623319803911727e-06,-6.102563929744065e-07,4.0280690427607624e-07,1.415870201526559e-06,2.428933385090204e-06,3.4419967960275244e-06,4.455060206964845e-06,5.468123163154814e-06,6.481186574092135e-06,7.494249985029455e-06,8.507313395966776e-06,9.520376806904096e-06,1.0533440217841417e-05,1.1546502719284035e-05,1.2559567039716057e-05,1.3572629541158676e-05,1.4585692952095997e-05,1.5598756363033317e-05,1.6611818864475936e-05,1.7624883184907958e-05,1.8637945686350577e-05,1.96510100067826e-05,2.0664072508225217e-05,2.167713682865724e-05,2.269019933009986e-05,2.3703261831542477e-05,2.4716324332985096e-05,2.5729388653417118e-05,2.6742451154859737e-05,2.775551547529176e-05,2.8768577976734377e-05,2.9781640478176996e-05,3.079470479860902e-05,3.180776911904104e-05]},"gradients/critic.qf0.2.bias":{"_type":"histogram","values":[1,2,1,0,1,3,1,0,2,3,5,4,2,6,1,5,3,5,1,5,6,3,3,3,7,4,9,5,9,9,4,4,16,44,18,14,14,8,7,4,11,4,5,2,6,2,5,4,1,6,3,0,1,2,2,2,0,0,1,0,0,0,0,1],"bins":[-0.05658967047929764,-0.054898034781217575,-0.053206395357847214,-0.05151475965976715,-0.04982312023639679,-0.04813148453831673,-0.046439848840236664,-0.0447482094168663,-0.04305657371878624,-0.04136493802070618,-0.039673298597335815,-0.03798166289925575,-0.03629002720117569,-0.03459838777780533,-0.032906752079725266,-0.031215114519000053,-0.02952347695827484,-0.02783183939754963,-0.026140201836824417,-0.024448566138744354,-0.022756928578019142,-0.02106529101729393,-0.019373655319213867,-0.017682017758488655,-0.015990380197763443,-0.014298742637038231,-0.012607106007635593,-0.010915469378232956,-0.009223831817507744,-0.007532194256782532,-0.005840557627379894,-0.004148920997977257,-0.002457287162542343,-0.0007656500674784184,0.0009259870275855064,0.0026176241226494312,0.004309261217713356,0.006000898778438568,0.007692535407841206,0.009384172037243843,0.011075809597969055,0.012767447158694267,0.014459083788096905,0.016150720417499542,0.017842357978224754,0.019533995538949966,0.02122563123703003,0.02291726879775524,0.024608906358480453,0.026300543919205666,0.027992181479930878,0.02968381717801094,0.031375452876091,0.033067092299461365,0.03475872799754143,0.03645036369562149,0.03814200311899185,0.039833638817071915,0.041525278240442276,0.04321691393852234,0.0449085533618927,0.04660018905997276,0.048291824758052826,0.04998346418142319,0.05167509987950325]},