{"_timestamp":1.7333224879063237e+09,"_runtime":47.689537347,"_step":639,"_wandb":{"runtime":47},"distance":0.9888815783964167}