{"_step":999,"_wandb":{"runtime":12},"distance":1.5577020720068817,"_timestamp":1.732708083067045e+09,"_runtime":12.006864928}