{"gradients/actor.mu.4.bias":{"_type":"histogram","values":[1,0,0,0,0,0,0,0,0,0,0,0,0,0,0,0,0,0,0,0,0,0,0,0,0,0,0,0,0,0,0,0,0,0,0,0,0,0,0,0,0,1,0,1,0,1,0,0,1,0,1,0,0,0,0,0,0,0,0,0,0,0,0,1],"bins":[-0.0005170539952814579,-0.000506375974509865,-0.0004956978955306113,-0.0004850198747590184,-0.0004743418248835951,-0.0004636637750081718,-0.0004529857251327485,-0.00044230767525732517,-0.0004316296544857323,-0.000420951604610309,-0.0004102735547348857,-0.00039959553396329284,-0.0003889174840878695,-0.0003782394342124462,-0.0003675613843370229,-0.0003568833344615996,-0.0003462052845861763,-0.00033552723471075296,-0.00032484918483532965,-0.00031417113495990634,-0.0003034931141883135,-0.00029281506431289017,-0.00028213701443746686,-0.00027145896456204355,-0.00026078091468662024,-0.0002501028648111969,-0.00023942482948768884,-0.00022874677961226553,-0.00021806874428875744,-0.00020739069441333413,-0.00019671264453791082,-0.0001860345946624875,-0.0001753565447870642,-0.00016467849491164088,-0.0001540004595881328,-0.0001433224097127095,-0.0001326443743892014,-0.00012196632451377809,-0.00011128827463835478,-0.00010061023203888908,-8.993218943942338e-05,-7.925414683995768e-05,-6.857610424049199e-05,-5.7898054365068674e-05,-4.7220011765602976e-05,-3.654196916613728e-05,-2.5863919290713966e-05,-1.5185876691248268e-05,-4.50783409178257e-06,6.170210326672532e-06,1.6848254745127633e-05,2.752630098257214e-05,3.8204343582037836e-05,4.8882386181503534e-05,5.9560436056926847e-05,7.023847865639254e-05,8.091652125585824e-05,9.159456385532394e-05,0.00010227260645478964,0.00011295065633021295,0.00012362870620563626,0.00013430674152914435,0.00014498479140456766,0.00015566282672807574,0.00016634087660349905]},"gradients/critic.qf0.2.weight":{"_type":"histogram","values":[2,0,3,5,2,10,13,11,18,28,29,57,57,75,108,154,155,226,263,344,463,536,670,825,975,1315,1572,2019,2559,3449,4715,7481,49703,19714,7009,4372,3051,2069,1546,1157,879,583,466,330,256,186,142,96,86,62,49,31,18,16,12,10,4,3,3,4,2,1,0,1],"bins":[-0.025285352021455765,-0.024518635123968124,-0.023751920089125633,-0.022985205054283142,-0.0222184881567955,-0.02145177125930786,-0.02068505622446537,-0.01991834118962288,-0.01915162429213524,-0.0183849073946476,-0.017618192359805107,-0.016851477324962616,-0.016084760427474976,-0.01531804446130991,-0.014551328495144844,-0.013784612528979778,-0.013017896562814713,-0.012251180596649647,-0.011484464630484581,-0.010717748664319515,-0.00995103269815445,-0.009184316731989384,-0.008417600765824318,-0.007650884799659252,-0.006884168833494186,-0.006117452867329121,-0.005350736901164055,-0.004584020934998989,-0.0038173049688339233,-0.0030505890026688576,-0.002283873036503792,-0.001517157070338726,-0.0007504411041736603,1.6274861991405487e-05,0.0007829908281564713,0.001549706794321537,0.002316422760486603,0.0030831387266516685,0.0038498546928167343,0.0046165706589818,0.005383286625146866,0.006150002591311932,0.006916718557476997,0.007683434523642063,0.008450150489807129,0.009216866455972195,0.00998358242213726,0.010750298388302326,0.011517014354467392,0.012283730320632458,0.013050446286797523,0.01381716225296259,0.014583878219127655,0.01535059418529272,0.016117310151457787,0.016884025186300278,0.017650742083787918,0.01841745898127556,0.01918417401611805,0.01995088905096054,0.02071760594844818,0.02148432284593582,0.022251037880778313,0.023017752915620804,0.023784469813108444]},"gradients/critic.qf0.4.weight":{"_type":"histogram","values":[1,0,0,0,0,0,0,0,0,0,0,0,1,0,0,1,0,0,0,1,1,1,1,1,1,3,1,0,2,0,5,2,4,0,1,5,2,4,1,5,1,5,1,4,8,2,4,9,6,1,2,6,7,3,10,12,7,11,12,10,10,17,26,82],"bins":[-0.32836562395095825,-0.3232349157333374,-0.31810420751571655,-0.3129734992980957,-0.30784276127815247,-0.3027120530605316,-0.29758134484291077,-0.2924506366252899,-0.28731992840766907,-0.2821892201900482,-0.27705851197242737,-0.2719278037548065,-0.2667970657348633,-0.26166635751724243,-0.2565356492996216,-0.25140494108200073,-0.2462742179632187,-0.24114350974559784,-0.2360127866268158,-0.23088207840919495,-0.2257513701915741,-0.22062066197395325,-0.2154899388551712,-0.21035923063755035,-0.2052285075187683,-0.20009779930114746,-0.19496707618236542,-0.18983636796474457,-0.18470565974712372,-0.17957493662834167,-0.17444422841072083,-0.16931352019309998,-0.16418281197547913,-0.15905210375785828,-0.15392138063907623,-0.14879067242145538,-0.14365996420383453,-0.1385292410850525,-0.13339853286743164,-0.1282678246498108,-0.12313710898160934,-0.1180063933134079,-0.11287568509578705,-0.1077449694275856,-0.10261425375938416,-0.0974835455417633,-0.09235282987356186,-0.08722211420536041,-0.08209140598773956,-0.07696069031953812,-0.07182998210191727,-0.06669926643371582,-0.06156855449080467,-0.056437842547893524,-0.05130712687969208,-0.04617641493678093,-0.04104570299386978,-0.03591499105095863,-0.030784277245402336,-0.02565356343984604,-0.02052285149693489,-0.015392139554023743,-0.010261425748467445,-0.005130711942911148,0]},"current_u_id":0,"time/fps":91,"_step":6006,"train/critic_loss":0.0001088699,"gradients/actor.mu.2.bias":{"_type":"histogram","values":[1,0,0,0,0,1,1,1,1,3,1,4,2,2,5,6,5,2,11,15,14,5,8,10,10,8,8,13,44,20,12,12,15,14,12,3,3,3,2,2,3,3,2,0,3,1,2,1,0,0,1,0,1,0,0,0,0,1,0,0,0,1,1,1],"bins":[-6.897944695083424e-05,-6.652588490396738e-05,-6.40723155811429e-05,-6.161875353427604e-05,-5.916518421145156e-05,-5.671161852660589e-05,-5.425805284176022e-05,-5.1804490794893354e-05,-4.9350921472068876e-05,-4.6897355787223205e-05,-4.4443790102377534e-05,-4.199022441753186e-05,-3.953665873268619e-05,-3.708309304784052e-05,-3.462952736299485e-05,-3.2175965316127986e-05,-2.9722399631282315e-05,-2.7268833946436644e-05,-2.4815268261590973e-05,-2.23617025767453e-05,-1.990813689189963e-05,-1.745457120705396e-05,-1.5001007341197692e-05,-1.254744165635202e-05,-1.009387597150635e-05,-7.640310286660679e-06,-5.1867450565623585e-06,-2.7331798264640383e-06,-2.796141416183673e-07,2.1739515432273038e-06,4.627516318578273e-06,7.081082003423944e-06,9.534647688269615e-06,1.1988213373115286e-05,1.4441779057960957e-05,1.689534474280663e-05,1.93489104276523e-05,2.180247611249797e-05,2.4256039978354238e-05,2.670960566319991e-05,2.916317134804558e-05,3.161673521390185e-05,3.407030089874752e-05,3.652386658359319e-05,3.897743226843886e-05,4.143099795328453e-05,4.38845636381302e-05,4.6338129322975874e-05,4.8791695007821545e-05,5.1245260692667216e-05,5.369882637751289e-05,5.615239206235856e-05,5.860595774720423e-05,6.10595234320499e-05,6.351308547891676e-05,6.596665480174124e-05,6.84202168486081e-05,7.087377889547497e-05,7.332734821829945e-05,7.578091026516631e-05,7.823447958799079e-05,8.068804163485765e-05,8.314161095768213e-05,8.5595173004549e-05,8.804874232737347e-05]},"rollout/ep_len_mean":1000,