{"rollout/episodes":6,"total/episodes":6,"rollout/return_mean":-40.37204360961914,"_step":6102,"rollout/return_history_mean":-40.37204360961914,"rollout/actions_mean":0.059305064380168915,"_runtime":269.091397977,"rollout/return_std":11.08993148803711,"total/steps":6000,"_wandb":{"runtime":269},"distance":1.531079364396726,"_timestamp":1.7330518988391008e+09,"train/loss_actor_mean":0.22147153317928314,"rollout/episode_steps_mean":1000,"rollout/return_history_std":11.08993148803711,"rollout/actions_std":0.9308069944381714,"total/steps_per_second":22.877540183567664,"rollout/Q_mean":-0.36147958040237427,"train/loss_critic_mean":0.003847155487164855,"total/duration":262.2659583091736,"train/param_noise_distance_mean":0.12775710225105286}