{"_step":6019,"current_u_id":0,"_wandb":{"runtime":541},"distance":0.29882532028502795,"_timestamp":1.7333298633350785e+09,"_runtime":54.917759043}