{"rollout/actions_mean":-0.3448469340801239,"_step":49,"rollout/return_std":0,"train/param_noise_distance_mean":0.30589741468429565,"total/duration":965.3404266834259,"rollout/episode_steps_mean":1000,"rollout/return_mean":0,"train/loss_actor_mean":-1.5389876750759868e-07,"_timestamp":1.7326962171271274e+09,"_runtime":976.409731309,"rollout/Q_mean":3.603535515139811e-05,"rollout/actions_std":0.6391812562942505,"total/steps":100000,"rollout/episodes":100,"total/steps_per_second":103.59039903007609,"_wandb":{"runtime":976},"train/loss_critic_mean":3.903308254393778e-08,"total/episodes":100,"rollout/return_history_std":0,"rollout/return_history_mean":0}