{"_timestamp":1.7333297939592578e+09,"_runtime":19.831740962,"_step":957,"current_u_id":0,"_wandb":{"runtime":19},"distance":0.3351382732672255}