{"rollout/Q_mean":-0.22062191367149353,"total/steps":100000,"rollout/return_mean":-23.119611740112305,"rollout/return_std":9.200864791870117,"rollout/return_history_mean":-23.119611740112305,"train/loss_actor_mean":0.2217048704624176,"train/loss_critic_mean":0.00020380597561597824,"total/duration":989.5843818187714,"_runtime":991.484621989,"distance":0.5971278152067144,"_timestamp":1.7327101715309753e+09,"train/param_noise_distance_mean":0.6509398221969604,"rollout/episode_steps_mean":1000,"_wandb":{"runtime":991},"rollout/actions_mean":-0.523958683013916,"total/episodes":100,"total/steps_per_second":101.05252451156167,"_step":100049,"rollout/episodes":100,"rollout/actions_std":0.8386808037757874,"rollout/return_history_std":9.200864791870117}