{"_timestamp":1.7333229327233632e+09,"train/loss_actor_mean":0.2448975145816803,"rollout/episode_steps_mean":100,"total/duration":256.07990646362305,"distance":0.34243184463988713,"rollout/actions_mean":0.1656368225812912,"rollout/actions_std":0.9236129522323608,"total/episodes":80,"rollout/return_std":3.064915180206299,"total/steps_per_second":31.240248836690455,"rollout/return_history_std":3.064915180206299,"_runtime":304.506255254,"rollout/episodes":80,"train/loss_critic_mean":0.02372482232749462,"_wandb":{"runtime":304},"train/param_noise_distance_mean":0.2875153124332428,"total/steps":8000,"_step":9470,"rollout/return_mean":-3.5655465126037598,"rollout/Q_mean":-0.20807266235351562,"rollout/return_history_mean":-3.5655465126037598}