{"gradients/actor.mu.0.weight":{"_type":"histogram","values":[2,0,1,2,1,4,8,5,4,8,11,12,16,21,37,50,73,94,113,131,191,262,358,386,542,902,3897,743,488,381,316,219,173,122,96,84,67,43,36,31,16,9,11,8,2,4,6,4,4,0,1,2,0,0,0,0,0,0,0,1,0,0,1,1],"bins":[-6.7011960709351115e-06,-6.44672672933666e-06,-6.192257387738209e-06,-5.937788046139758e-06,-5.683318704541307e-06,-5.428849362942856e-06,-5.1743804760917556e-06,-4.919911134493304e-06,-4.665441792894853e-06,-4.410972451296402e-06,-4.156503109697951e-06,-3.9020337680995e-06,-3.647564653874724e-06,-3.393095312276273e-06,-3.1386261980514973e-06,-2.884156856453046e-06,-2.629687514854595e-06,-2.375218173256144e-06,-2.120748831657693e-06,-1.866279717432917e-06,-1.611810375834466e-06,-1.3573410342360148e-06,-1.1028718063244014e-06,-8.48402578412788e-07,-5.939332368143369e-07,-3.394639520593046e-07,-8.49946673042723e-08,1.6947461745075998e-07,4.2394390220579226e-07,6.784132438042434e-07,9.328824717158568e-07,1.1873516996274702e-06,1.4418219507206231e-06,1.6962912923190743e-06,1.9507606339175254e-06,2.205229748142301e-06,2.4596990897407522e-06,2.7141684313392034e-06,2.968637545563979e-06,3.2231068871624302e-06,3.4775762287608813e-06,3.7320455703593325e-06,3.986514911957784e-06,4.240984253556235e-06,4.495453140407335e-06,4.749922482005786e-06,5.004391823604237e-06,5.2588611652026884e-06,5.5133305068011396e-06,5.767799848399591e-06,6.022269189998042e-06,6.276738531596493e-06,6.531207873194944e-06,6.785677214793395e-06,7.0401461016444955e-06,7.294615443242947e-06,7.549084784841398e-06,7.803553671692498e-06,8.05802301329095e-06,8.3124923548894e-06,8.566961696487851e-06,8.821431038086303e-06,9.075900379684754e-06,9.330369721283205e-06,9.584839062881656e-06]},"gradients/critic.qf0.0.weight":{"values":[1,3,0,4,3,2,5,4,6,4,8,8,8,21,20,40,47,53,76,65,111,133,171,203,258,297,363,365,509,559,658,822,3531,700,658,524,448,359,341,222,253,171,168,118,100,81,71,61,45,28,14,18,15,10,6,6,1,7,3,2,2,6,2,2],"bins":[-8.653195254737511e-05,-8.385811088373885e-05,-8.118427649606019e-05,-7.851043483242393e-05,-7.583659316878766e-05,-7.316275150515139e-05,-7.048891711747274e-05,-6.781507545383647e-05,-6.514124106615782e-05,-6.246739940252155e-05,-5.979356137686409e-05,-5.711972335120663e-05,-5.444588168757036e-05,-5.17720436619129e-05,-4.909820563625544e-05,-4.6424363972619176e-05,-4.375052230898291e-05,-4.107668428332545e-05,-3.840284261968918e-05,-3.572900459403172e-05,-3.3055162930395454e-05,-3.0381324904737994e-05,-2.7707486879080534e-05,-2.503364703443367e-05,-2.2359807189786807e-05,-1.9685967345139943e-05,-1.701212750049308e-05,-1.433828947483562e-05,-1.1664449630188756e-05,-8.990609785541892e-06,-6.316771759884432e-06,-3.6429319152375683e-06,-9.690993465483189e-07,1.7047400433511939e-06,4.378579433250707e-06,7.0524183684028685e-06,9.726258213049732e-06,1.2400098057696596e-05,1.5073936083354056e-05,1.774777592800092e-05,2.0421615772647783e-05,2.3095455617294647e-05,2.576929546194151e-05,2.844313348759897e-05,3.111697151325643e-05,3.37908131768927e-05,3.646465120255016e-05,3.913848922820762e-05,4.1812330891843885e-05,4.4486168917501345e-05,4.716001058113761e-05,4.983384860679507e-05,5.250769027043134e-05,5.51815282960888e-05,5.785536632174626e-05,6.052920798538253e-05,6.320304237306118e-05,6.587688403669745e-05,6.85507184243761e-05,7.122456008801237e-05,7.389840175164863e-05,7.657223613932729e-05,7.924607780296355e-05,8.191991946659982e-05,8.459376113023609e-05],"_type":"histogram"},"gradients/critic.qf0.4.weight":{"_type":"histogram","values":[1,0,0,0,0,0,0,0,0,0,0,0,0,0,0,0,0,0,0,0,1,1,1,0,0,0,0,0,0,0,0,0,0,1,0,0,0,0,0,0,0,0,0,1,0,0,0,1,0,1,0,0,0,0,0,1,2,1,2,4,2,5,7,268],"bins":[-0.16910332441329956,-0.16646108031272888,-0.1638188511133194,-0.16117660701274872,-0.15853436291217804,-0.15589213371276855,-0.15324988961219788,-0.1506076455116272,-0.14796540141105652,-0.14532315731048584,-0.14268092811107635,-0.14003868401050568,-0.137396439909935,-0.1347542107105255,-0.13211196660995483,-0.12946972250938416,-0.12682749330997467,-0.12418525665998459,-0.12154301255941391,-0.11890077590942383,-0.11625853180885315,-0.11361629515886307,-0.11097405850887299,-0.10833181440830231,-0.10568957775831223,-0.10304734110832214,-0.10040509700775146,-0.09776286035776138,-0.0951206237077713,-0.09247837960720062,-0.08983614295721054,-0.08719390630722046,-0.08455166220664978,-0.0819094255566597,-0.07926718145608902,-0.07662494480609894,-0.07398270070552826,-0.07134046405553818,-0.0686982274055481,-0.06605598330497742,-0.06341374665498734,-0.060771506279706955,-0.058129265904426575,-0.05548702925443649,-0.05284478887915611,-0.05020254850387573,-0.04756031185388565,-0.04491807147860527,-0.04227583110332489,-0.03963359072804451,-0.03699135035276413,-0.03434911370277405,-0.03170687332749367,-0.029064632952213287,-0.026422394439578056,-0.023780155926942825,-0.021137915551662445,-0.018495675176382065,-0.015853436663746834,-0.013211197219789028,-0.010568957775831223,-0.007926718331873417,-0.005284478887915611,-0.0026422403752803802,0]},"train/actor_loss":-0.0013159197,"gradients/actor.mu.2.weight":{"_type":"histogram","values":[2,0,1,7,2,0,5,2,3,3,11,5,1,8,19,18,21,34,56,81,109,159,228,297,449,692,1034,1583,2271,3361,4881,6956,9539,12731,25688,14291,10332,7654,5334,3714,2671,1753,1193,849,571,419,322,202,137,108,73,36,22,20,17,9,6,2,2,1,2,2,0,1],"bins":[-4.171385626250412e-06,-4.0511090446671005e-06,-3.930832463083789e-06,-3.8105556541268015e-06,-3.6902790725434897e-06,-3.570002490960178e-06,-3.4497256820031907e-06,-3.329449100419879e-06,-3.209172518836567e-06,-3.0888959372532554e-06,-2.9686193556699436e-06,-2.8483425467129564e-06,-2.7280659651296446e-06,-2.607789383546333e-06,-2.4875125745893456e-06,-2.367235993006034e-06,-2.246959411422722e-06,-2.1266828298394103e-06,-2.0064062482560985e-06,-1.8861294392991113e-06,-1.7658528577157995e-06,-1.6455762761324877e-06,-1.5252995808623382e-06,-1.4050228855921887e-06,-1.284746304008877e-06,-1.1644697224255651e-06,-1.0441930271554156e-06,-9.23916388728685e-07,-8.036397503019543e-07,-6.833631118752237e-07,-5.63086473448493e-07,-4.428098350217624e-07,-3.2253319659503177e-07,-2.0225655816830113e-07,-8.197991974157048e-08,3.829671868516016e-08,1.585733571118908e-07,2.7884999553862144e-07,3.991266339653521e-07,5.194032723920827e-07,6.396799108188134e-07,7.59956549245544e-07,8.802331876722747e-07,1.0005098829424242e-06,1.120786464525736e-06,1.2410630461090477e-06,1.3613397413791972e-06,1.4816164366493467e-06,1.6018930182326585e-06,1.7221695998159703e-06,1.8424462950861198e-06,1.9627229903562693e-06,2.082999571939581e-06,2.203276153522893e-06,2.32355296247988e-06,2.443829544063192e-06,2.5641061256465036e-06,2.6843827072298154e-06,2.804659288813127e-06,2.9249360977701144e-06,3.045212679353426e-06,3.165489260936738e-06,3.2857660698937252e-06,3.406042651477037e-06,3.5263192330603488e-06]},"gradients/actor.mu.0.bias":{"values":[1,0,1,2,0,3,1,4,4,2,11,4,4,6,1,6,7,12,11,11,10,12,13,13,12,20,19,14,11,17,15,18,14,21,8,19,10,9,7,9,4,5,4,2,2,6,1,0,2,2,3,0,0,2,2,2,0,0,0,0,0,0,0,1],