{"_runtime":29.881928082,"_step":516,"distance":0.3577029641382975,"_wandb":{"runtime":29},"_timestamp":1.7331411772489738e+09}