{"_runtime":137.394994902,"_step":1841,"distance":0.309937282511547,"_wandb":{"runtime":137},"_timestamp":1.733314269521181e+09}