{"total/steps":52000,"total/duration":3686.0287516117096,"rollout/episodes":520,"rollout/episode_steps_mean":100,"total/steps_per_second":14.107323492054448,"_timestamp":1.733312901141794e+09,"rollout/return_std":1.6581857204437256,"_runtime":3816.459472209,"rollout/return_history_std":1.3034478425979614,"train/loss_actor_mean":0.3284042477607727,"_step":53772,"rollout/return_mean":-3.656665086746216,"total/episodes":520,"rollout/actions_std":0.8629331588745117,"train/loss_critic_mean":0.0021243393421173096,"distance":0.3722647209850872,"rollout/actions_mean":0.4767051041126251,"_wandb":{"runtime":3816},"rollout/Q_mean":-0.2887374460697174,"train/param_noise_distance_mean":0.08427225798368454,"rollout/return_history_mean":-4.024508953094482}