{"_runtime":5.309509583,"current_u_id":0,"_wandb":{"runtime":5},"_step":1,"distance":0.2046752094964117,"_timestamp":1.7333250745137177e+09}