{"_wandb":{"runtime":13},"_step":194,"distance":1.2185973912605064,"_timestamp":1.733308393607112e+09,"_runtime":13.626980763}