{"current_u_id":0,"_wandb":{"runtime":43},"distance":0.21128466460183615,"_timestamp":1.7333237986921206e+09,"_runtime":37.993331487,"_step":1}