{"rollout/return_history_std":4.253920555114746,"rollout/Q_mean":-0.18408416211605072,"train/loss_critic_mean":0.026208171620965004,"rollout/return_history_mean":-4.354250907897949,"rollout/return_std":4.253920555114746,"total/episodes":40,"rollout/episode_steps_mean":100,"total/steps_per_second":14.660422976864782,"train/param_noise_distance_mean":1.0154643058776855,"train/loss_actor_mean":0.17312191426753998,"_runtime":334.411179999,"total/duration":272.8434238433838,"rollout/return_mean":-4.354250907897949,"rollout/episodes":40,"total/steps":4000,"_timestamp":1.7333152830530877e+09,"rollout/actions_mean":0.21163704991340637,"_wandb":{"runtime":335},"distance":0.2635306040389618,"_step":4901,"rollout/actions_std":0.8923685550689697}