{"_step":1,"distance":0.2209941487771291,"_timestamp":1.7333252284168303e+09,"current_u_id":0,"_wandb":{"runtime":5},"_runtime":5.247637505}