{"distance":1.4906973203584202,"_timestamp":1.7327081370104024e+09,"_runtime":25.805044373,"_step":553,"_wandb":{"runtime":26}}