{"_timestamp":1.733324536060955e+09,"_runtime":5.190652522,"_step":1,"current_u_id":0,"_wandb":{"runtime":5},"distance":0.18465844905453715}