{"_runtime":6.856047092,"_wandb":{"runtime":6},"_step":68,"distance":1.107193850101535,"_timestamp":1.73331456041278e+09}