{"_wandb":{"runtime":2329},"_step":6019,"distance":0.3793926570995784,"_timestamp":1.7333274623426757e+09,"_runtime":37.886430072,"current_u_id":0}