{"_runtime":5.494276513,"_step":2,"current_u_id":0,"_wandb":{"runtime":5},"distance":0.2707746630424076,"_timestamp":1.733324619820444e+09}