{"_step":160,"_wandb":{"runtime":14},"distance":0.4720213333598508,"_timestamp":1.7333143214809005e+09,"_runtime":13.990104934}