{"_runtime":6.173816847,"_step":1,"current_u_id":0,"_wandb":{"runtime":6},"distance":0.2676579664917656,"_timestamp":1.7333240642330465e+09}