{"_timestamp":1.7327047396409123e+09,"_runtime":10.088085402,"_step":999,"_wandb":{"runtime":10},"distance":0.8789826170972032}