{"train/critic_loss":1.4216549e-05,"rollout/ep_len_mean":1000,"gradients/critic.qf0.2.bias":{"bins":[-0.04308817535638809,-0.041695255786180496,-0.0403023362159729,-0.038909416645765305,-0.03751649707555771,-0.03612358123064041,-0.034730661660432816,-0.03333774209022522,-0.031944822520017624,-0.030551902949810028,-0.029158983379602432,-0.027766065672039986,-0.02637314610183239,-0.024980226531624794,-0.023587308824062347,-0.02219438925385475,-0.020801469683647156,-0.01940855011343956,-0.018015630543231964,-0.016622712835669518,-0.015229793265461922,-0.013836873695254326,-0.012443955056369305,-0.011051036417484283,-0.009658116847276688,-0.008265197277069092,-0.006872278638184071,-0.005479359533637762,-0.0040864404290914536,-0.002693521324545145,-0.0013006022199988365,9.231641888618469e-05,0.0014852359890937805,0.002878155093640089,0.0042710741981863976,0.005663993302732706,0.007056912407279015,0.00844983197748661,0.009842750616371632,0.011235669255256653,0.012628588825464249,0.014021508395671844,0.015414427034556866,0.016807345673441887,0.018200265243649483,0.01959318481385708,0.020986102521419525,0.02237902209162712,0.023771941661834717,0.025164861232042313,0.02655778080224991,0.027950698509812355,0.02934361808001995,0.030736537650227547,0.03212945535778999,0.03352237492799759,0.034915294498205185,0.03630821406841278,0.03770113363862038,0.03909405320882797,0.04048696905374527,0.041879888623952866,0.04327280819416046,0.04466572776436806,0.04605864733457565],"_type":"histogram","values":[1,2,0,1,0,1,1,0,2,0,2,0,0,3,0,3,0,5,4,3,1,2,1,1,3,2,11,6,14,11,120,26,14,13,10,2,2,3,2,4,5,1,2,2,3,2,3,0,0,1,0,1,0,0,1,1,0,1,0,0,0,0,0,1]},"gradients/actor.mu.4.weight":{"values":[2,0,1,0,1,5,0,2,2,3,4,2,6,8,6,0,12,6,9,12,6,12,9,6,11,12,16,30,24,41,46,69,91,119,160,464,205,127,140,101,76,49,45,32,31,20,19,12,10,6,3,7,2,5,5,2,2,2,0,1,0,0,0,1],"bins":[-0.0014090691693127155,-0.00136984558776021,-0.0013306220062077045,-0.0012913985410705209,-0.0012521749595180154,-0.0012129513779655099,-0.0011737279128283262,-0.0011345043312758207,-0.0010952807497233152,-0.0010560571681708097,-0.0010168335866183043,-0.0009776101214811206,-0.0009383865399286151,-0.0008991629583761096,-0.000859939435031265,-0.0008207159116864204,-0.000781492330133915,-0.0007422687485814095,-0.0007030452252365649,-0.0006638217018917203,-0.0006245981203392148,-0.0005853745387867093,-0.0005461510154418647,-0.0005069274920970201,-0.00046770391054451466,-0.0004284803580958396,-0.0003892568056471646,-0.00035003325319848955,-0.0003108097007498145,-0.0002715861483011395,-0.00023236259585246444,-0.0001931390434037894,-0.0001539156073704362,-0.00011469205492176116,-7.546850247308612e-05,-3.624495002441108e-05,2.978602424263954e-06,4.220215487293899e-05,8.142570732161403e-05,0.00012064925977028906,0.0001598728122189641,0.00019909636466763914,0.00023831991711631417,0.0002775434695649892,0.00031676702201366425,0.0003559905744623393,0.0003952141269110143,0.00043443767935968935,0.0004736612318083644,0.0005128848133608699,0.0005521083367057145,0.000591331860050559,0.0006305554416030645,0.00066977902315557,0.0007090025465004146,0.0007482260698452592,0.0007874496513977647,0.0008266732329502702,0.0008658967562951148,0.0009051202796399593,0.0009443438611924648,0.0009835674427449703,0.0010227910242974758,0.0010620144894346595,0.001101238070987165],"_type":"histogram"},"gradients/actor.mu.4.bias":{"values":[1,0,0,0,0,0,0,0,0,0,0,0,0,0,0,0,0,0,0,0,0,0,0,0,0,0,0,0,0,0,0,0,0,0,0,0,1,0,0,1,0,0,0,0,0,0,0,0,1,0,1,0,0,0,0,0,0,1,0,0,0,0,0,1],"bins":[-0.00048096105456352234,-0.0004704793100245297,-0.00045999756548553705,-0.0004495158209465444,-0.0004390341055113822,-0.0004285523609723896,-0.00041807061643339694,-0.0004075888718944043,-0.00039710712735541165,-0.000386625382816419,-0.00037614363827742636,-0.0003656619228422642,-0.00035518017830327153,-0.0003446984337642789,-0.00033421668922528625,-0.0003237349446862936,-0.00031325320014730096,-0.0003027714556083083,-0.00029228971106931567,-0.00028180796653032303,-0.00027132625109516084,-0.0002608445065561682,-0.00025036276201717556,-0.0002398810174781829,-0.00022939930204302073,-0.00021891755750402808,-0.00020843582751695067,-0.00019795408297795802,-0.00018747233843896538,-0.00017699060845188797,-0.00016650886391289532,-0.00015602711937390268,-0.0001455453602829948,-0.00013506361574400216,-0.00012458188575692475,-0.0001141001412179321,-0.00010361839667893946,-9.313665941590443e-05,-8.26549221528694e-05,-7.217317761387676e-05,-6.169144035084173e-05,-5.1209699449827895e-05,-4.072795854881406e-05,-3.024622128577903e-05,-1.9764480384765193e-05,-9.282739483751357e-06,1.1989977792836726e-06,1.1680742318276316e-05,2.2162479581311345e-05,3.264422048232518e-05,4.312596138333902e-05,5.360769864637405e-05,6.408944318536669e-05,7.457118044840172e-05,8.505291771143675e-05,9.553466225042939e-05,0.00010601639951346442,0.00011649813677649945,0.0001269798813154921,0.0001374616113025695,0.00014794335584156215,0.0001584251003805548,0.00016890684491954744,0.00017938858945854008,0.0001898703194456175],"_type":"histogram"},"gradients/critic.qf0.0.bias":{"_type":"histogram","values":[1,0,0,0,0,0,1,0,0,1,1,0,3,1,1,2,5,2,4,2,4,3,5,4,5,6,5,16,16,13,8,20,23,25,24,22,27,16,21,18,11,9,12,11,15,3,8,3,3,3,2,5,1,3,0,2,1,0,0,2,0,0,0,1],"bins":[-0.00811031274497509,-0.007880949415266514,-0.007651586085557938,-0.007422222755849361,-0.007192859426140785,-0.006963496096432209,-0.0067341323010623455,-0.006504768971353769,-0.006275405641645193,-0.006046042311936617,-0.005816678982228041,-0.0055873156525194645,-0.005357951857149601,-0.005128588527441025,-0.004899225197732449,-0.004669861868023872,-0.004440498538315296,-0.00421113520860672,-0.003981771878898144,-0.003752408316358924,-0.0035230449866503477,-0.0032936816569417715,-0.0030643180944025517,-0.0028349547646939754,-0.0026055914349853992,-0.002376228105276823,-0.002146864775568247,-0.001917501213029027,-0.0016881378833204508,-0.0014587745536118746,-0.0012294111074879766,-0.0010000476613640785,-0.0007706843316555023,-0.0005413209437392652,-0.0003119575558230281,-8.259416790679097e-05,0.00014676922000944614,0.00037613254971802235,0.0006054959958419204,0.0008348594419658184,0.0010642227716743946,0.0012935861013829708,0.0015229495475068688,0.0017523129936307669,0.001981676323339343,0.0022110396530479193,0.002440403215587139,0.0026697665452957153,0.0028991298750042915,0.0031284932047128677,0.003357856534421444,0.003587220096960664,0.00381658342666924,0.0040459465235471725,0.004275310318917036,0.004504673648625612,0.0047340369783341885,0.004963400308042765,0.005192763637751341,0.005422126967459917,0.005651490762829781,0.005880854092538357,0.006110217422246933,0.006339580751955509,0.006568944081664085]},