{"_wandb":{"runtime":25},"distance":1.075094036375064,"_timestamp":1.7333148911530159e+09,"_runtime":24.886217063,"_step":281}