{"_runtime":57.807024498,"_wandb":{"runtime":62},"_step":0,"distance":0.21808146889891475,"_timestamp":1.7327084084522183e+09}