{"_step":123,"_wandb":{"runtime":5},"distance":0.38420235079334175,"_timestamp":1.7333225302223468e+09,"_runtime":5.943021926}