{"current_u_id":0,"_wandb":{"runtime":376},"distance":1.2507445205387269,"_timestamp":1.7333271021080735e+09,"_runtime":69.884199079,"_step":6019}