{"_wandb":{"runtime":129},"distance":0.24346212793241728,"_timestamp":1.73332489877928e+09,"_runtime":16.138347562,"_step":1,"current_u_id":0}