{"_step":1083,"distance":1.0122048155690886,"_wandb":{"runtime":56},"_timestamp":1.733133710298031e+09,"_runtime":56.229825607}