{"_runtime":432.889521539,"rollout/return_history_std":3.514512062072754,"_timestamp":1.7330523710810425e+09,"rollout/actions_mean":-0.3633660674095154,"train/param_noise_distance_mean":0.10417278110980988,"distance":0.8518278792773092,"rollout/return_history_mean":-4.190347194671631,"rollout/episodes":60,"total/duration":324.13673281669617,"train/loss_critic_mean":0.02205800823867321,"rollout/return_mean":-4.190347194671631,"train/loss_actor_mean":0.23982366919517517,"total/episodes":60,"total/steps_per_second":18.510706725093954,"rollout/return_std":3.514512062072754,"_step":8002,"total/steps":6000,"rollout/actions_std":0.8797581791877747,"rollout/episode_steps_mean":100,"_wandb":{"runtime":433},"rollout/Q_mean":-0.14586663246154785}