{"_wandb":{"runtime":23},"distance":1.0424929917958377,"_timestamp":1.7327053301250176e+09,"_runtime":23.104646979,"_step":999}