{"_step":62588,"train/param_noise_distance_mean":0.17864708602428436,"rollout/Q_mean":-0.19734935462474823,"rollout/actions_mean":-0.1849704533815384,"train/loss_critic_mean":0.0010567775461822748,"rollout/return_history_std":9.451311111450195,"rollout/return_mean":-27.02970314025879,"rollout/return_history_mean":-27.02970314025879,"train/loss_actor_mean":0.25715139508247375,"total/steps_per_second":99.26208776492062,"_runtime":632.361147393,"rollout/return_std":9.451311111450195,"distance":0.8633097305347834,"total/episodes":62,"rollout/actions_std":0.9603359699249268,"rollout/episode_steps_mean":1000,"_wandb":{"runtime":632},"rollout/episodes":62,"total/duration":624.6090667247772,"_timestamp":1.7327090571057866e+09,"total/steps":62000}