{"distance":0.2604427998259264,"_timestamp":1.7333244628551471e+09,"_runtime":5.214230203,"_step":1,"current_u_id":0,"_wandb":{"runtime":5}}