{"gradients/critic.qf0.0.weight":{"_type":"histogram","values":[1,0,1,0,1,1,0,0,0,0,0,3,3,5,3,14,13,13,17,22,34,34,42,61,103,111,136,194,244,338,365,450,588,707,962,4444,808,647,539,428,315,262,234,150,100,82,67,52,39,45,25,24,21,13,16,4,5,3,4,2,0,0,1,4],"bins":[-8.423183317063376e-05,-8.18420376162976e-05,-7.945224206196144e-05,-7.706244650762528e-05,-7.467265822924674e-05,-7.228286267491058e-05,-6.989306712057441e-05,-6.750327156623825e-05,-6.51134760119021e-05,-6.272368045756593e-05,-6.033388490322977e-05,-5.794409298687242e-05,-5.555429743253626e-05,-5.31645018782001e-05,-5.0774709961842746e-05,-4.8384914407506585e-05,-4.5995118853170425e-05,-4.3605323298834264e-05,-4.1215527744498104e-05,-3.882573582814075e-05,-3.643594027380459e-05,-3.404614471946843e-05,-3.1656352803111076e-05,-2.9266557248774916e-05,-2.6876761694438756e-05,-2.4486966140102595e-05,-2.2097172404755838e-05,-1.970737866940908e-05,-1.731758311507292e-05,-1.4927788470231462e-05,-1.2537993825390004e-05,-1.0148200090043247e-05,-7.7584118116647e-06,-5.368617166823242e-06,-2.978822521981783e-06,-5.890278771403246e-07,1.800766767701134e-06,4.190561412542593e-06,6.580356057384051e-06,8.970149792730808e-06,1.1359945347066969e-05,1.3749739991908427e-05,1.6139534636749886e-05,1.8529328372096643e-05,2.0919123926432803e-05,2.3308919480768964e-05,2.569871321611572e-05,2.8088506951462477e-05,3.0478302505798638e-05,3.28680980601348e-05,3.525789361447096e-05,3.764768553082831e-05,4.003748108516447e-05,4.242727663950063e-05,4.4817068555857986e-05,4.720686411019415e-05,4.959665966453031e-05,5.198645521886647e-05,5.437625077320263e-05,5.676604268955998e-05,5.915583824389614e-05,6.15456301602535e-05,6.393542571458966e-05,6.632522126892582e-05,6.871501682326198e-05]},"_runtime":1205.189889805,"gradients/critic.qf0.4.weight":{"values":[1,0,0,0,0,0,0,1,0,0,0,0,0,0,0,0,0,0,0,0,0,0,0,0,0,0,0,0,0,0,0,0,0,0,0,0,0,0,0,1,0,0,1,0,1,0,0,0,0,0,1,1,2,0,0,1,1,0,0,3,1,4,6,275],"bins":[-0.10246641933917999,-0.10086537897586823,-0.09926434606313705,-0.09766330569982529,-0.09606226533651352,-0.09446123242378235,-0.09286019206047058,-0.09125915169715881,-0.08965811878442764,-0.08805707842111588,-0.0864560455083847,-0.08485500514507294,-0.08325396478176117,-0.08165293186903,-0.08005189150571823,-0.07845085114240646,-0.07684981822967529,-0.07524877786636353,-0.07364774495363235,-0.07204670459032059,-0.07044566422700882,-0.06884463131427765,-0.06724359095096588,-0.06564255058765411,-0.06404151022434235,-0.06244047358632088,-0.06083943322300911,-0.05923839658498764,-0.05763735994696617,-0.0560363233089447,-0.054435282945632935,-0.052834246307611465,-0.051233209669589996,-0.04963217303156853,-0.04803113266825676,-0.04643009603023529,-0.04482905939221382,-0.04322802275419235,-0.041626982390880585,-0.040025945752859116,-0.038424909114837646,-0.03682387247681618,-0.03522283211350441,-0.03362179547548294,-0.03202075883746147,-0.030419720336794853,-0.028818681836128235,-0.027217645198106766,-0.025616604834794998,-0.02401556633412838,-0.02241452969610691,-0.020813491195440292,-0.019212454557418823,-0.017611416056752205,-0.016010377556085587,-0.014409339986741543,-0.012808302417397499,-0.011207264848053455,-0.009606227278709412,-0.008005188778042793,-0.0064041512086987495,-0.004803113639354706,-0.0032020751386880875,-0.0016010375693440437,0],"_type":"histogram"},"gradients/critic.qf0.0.bias":{"_type":"histogram","values":[1,0,0,0,0,0,0,0,0,0,0,0,1,1,2,2,1,3,2,2,3,2,5,4,2,1,12,2,8,10,15,17,11,18,23,23,24,25,36,21,18,12,17,10,13,10,10,7,4,6,0,1,2,3,0,2,2,0,2,0,2,1,0,1],"bins":[-8.944045112002641e-05,-8.700991747900844e-05,-8.457938383799046e-05,-8.214885019697249e-05,-7.971831655595452e-05,-7.728779019089416e-05,-7.485725654987618e-05,-7.242672290885821e-05,-6.999618926784024e-05,-6.756565562682226e-05,-6.513512198580429e-05,-6.270458834478632e-05,-6.027405834174715e-05,-5.7843524700729176e-05,-5.541299469769001e-05,-5.298246105667204e-05,-5.055192741565406e-05,-4.812139377463609e-05,-4.5690860133618116e-05,-4.326033013057895e-05,-4.082979648956098e-05,-3.8399262848543e-05,-3.596873284550384e-05,-3.3538199204485863e-05,-3.110766556346789e-05,-2.8677131922449917e-05,-2.6246600100421347e-05,-2.3816068278392777e-05,-2.1385534637374803e-05,-1.895500099635683e-05,-1.652446917432826e-05,-1.409393735229969e-05,-1.1663410987239331e-05,-9.23287825571606e-06,-6.802345524192788e-06,-4.371812792669516e-06,-1.9412800611462444e-06,4.892526703770272e-07,2.919785401900299e-06,5.350317223928869e-06,7.780850864946842e-06,1.0211383596470114e-05,1.2641916327993385e-05,1.5072449059516657e-05,1.750298179103993e-05,1.9933515432057902e-05,2.2364047254086472e-05,2.4794579076115042e-05,2.7225112717133015e-05,2.965564635815099e-05,3.208617999916896e-05,3.451671000220813e-05,3.69472436432261e-05,3.9377777284244075e-05,4.180830728728324e-05,4.4238840928301215e-05,4.666937456931919e-05,4.909990821033716e-05,5.1530441851355135e-05,5.39609718543943e-05,5.6391505495412275e-05,5.882203913643025e-05,6.125256913946941e-05,6.368310278048739e-05,6.611363642150536e-05]},"_wandb":{"runtime":1205},"_step":150,"train/actor_loss":-0.0012057554,"gradients/actor.mu.4.weight":{"bins":[-2.006138674914837e-05,-1.9278932086308487e-05,-1.8496477423468605e-05,-1.7714024579618126e-05,-1.6931569916778244e-05,-1.6149115253938362e-05,-1.536666059109848e-05,-1.4584205928258598e-05,-1.3801752174913418e-05,-1.3019297512073535e-05,-1.2236843758728355e-05,-1.1454389095888473e-05,-1.0671934433048591e-05,-9.88948067970341e-06,-9.107026016863529e-06,-8.324572263518348e-06,-7.542117600678466e-06,-6.759663392585935e-06,-5.977209184493404e-06,-5.194754521653522e-06,-4.412300313560991e-06,-3.6298461054684594e-06,-2.8473914426285774e-06,-2.064937234536046e-06,-1.282483026443515e-06,-5.000287046641461e-07,2.8242561711522285e-07,1.0648800525814295e-06,1.8473342606739607e-06,2.629788468766492e-06,3.412243131606374e-06,4.194697339698905e-06,4.97715336678084e-06,5.759607574873371e-06,6.542061782965902e-06,7.324516445805784e-06,8.106970199150965e-06,8.889424861990847e-06,9.671879524830729e-06,1.045433418767061e-05,1.1236787941015791e-05,1.2019242603855673e-05,1.2801696357200854e-05,1.3584151020040736e-05,1.4366605682880618e-05,1.5149059436225798e-05,1.5931513189570978e-05,1.671396785241086e-05,1.7496422515250742e-05,1.8278877178090625e-05,1.9061331840930507e-05,1.9843784684780985e-05,2.0626239347620867e-05,2.140869401046075e-05,2.219114867330063e-05,2.2973603336140513e-05,2.3756056179990992e-05,2.4538510842830874e-05,2.5320965505670756e-05,2.6103418349521235e-05,2.6885873012361117e-05,2.7668327675201e-05,2.845078233804088e-05,2.9233237000880763e-05,3.0015691663720645e-05],"_type":"histogram","values":[2,1,3,1,2,5,6,6,6,7,11,10,20,16,16,17,16,27,23,28,48,64,82,160,227,628,172,101,59,52,51,39,33,22,18,20,20,16,9,5,11,4,6,6,2,5,3,4,0,1,2,1,2,0,1,0,1,1,0,0,0,0,0,1]},"gradients/actor.mu.0.weight":{"values":[1,0,0,0,2,2,0,2,1,3,1,0,1,2,5,6,9,14,9,22,22,28,43,52,95,128,195,314,454,682,5147,1063,608,370,227,160,94,69,42,34,19,16,12,9,6,7,4,1,4,5,1,0,1,0,1,2,0,1,1,2,0,0,0,1],